--
-- PostgreSQL database dump
--

\restrict AGUKTSEhuDHzmRclbzBFolzUzj4wLmI6LMFCQCkalSvtjAxeMsFLXSOqKHITS1Q

-- Dumped from database version 18.0
-- Dumped by pg_dump version 18.0

SET statement_timeout = 0;
SET lock_timeout = 0;
SET idle_in_transaction_session_timeout = 0;
SET transaction_timeout = 0;
SET client_encoding = 'UTF8';
SET standard_conforming_strings = on;
SELECT pg_catalog.set_config('search_path', '', false);
SET check_function_bodies = false;
SET xmloption = content;
SET client_min_messages = warning;
SET row_security = off;

SET default_tablespace = '';

SET default_table_access_method = heap;

--
-- Name: addresses; Type: TABLE; Schema: public; Owner: -
--

CREATE TABLE public.addresses (
    address_id bigint NOT NULL,
    country character varying(255) NOT NULL,
    nagar_or_gaupalika character varying(255) NOT NULL,
    state character varying(255) NOT NULL,
    street character varying(255) NOT NULL,
    ward_no bigint NOT NULL,
    user_id bigint,
    pincode character varying(255),
    city character varying(255) NOT NULL,
    CONSTRAINT addresses_ward_no_check CHECK ((ward_no >= 1))
);


--
-- Name: addresses_address_id_seq; Type: SEQUENCE; Schema: public; Owner: -
--

ALTER TABLE public.addresses ALTER COLUMN address_id ADD GENERATED BY DEFAULT AS IDENTITY (
    SEQUENCE NAME public.addresses_address_id_seq
    START WITH 1
    INCREMENT BY 1
    NO MINVALUE
    NO MAXVALUE
    CACHE 1
);


--
-- Name: cart_items; Type: TABLE; Schema: public; Owner: -
--

CREATE TABLE public.cart_items (
    cart_item_id bigint NOT NULL,
    discount double precision NOT NULL,
    product_price double precision NOT NULL,
    quantity integer,
    cart_id bigint,
    product_id bigint
);


--
-- Name: cart_items_cart_item_id_seq; Type: SEQUENCE; Schema: public; Owner: -
--

ALTER TABLE public.cart_items ALTER COLUMN cart_item_id ADD GENERATED BY DEFAULT AS IDENTITY (
    SEQUENCE NAME public.cart_items_cart_item_id_seq
    START WITH 1
    INCREMENT BY 1
    NO MINVALUE
    NO MAXVALUE
    CACHE 1
);


--
-- Name: carts; Type: TABLE; Schema: public; Owner: -
--

CREATE TABLE public.carts (
    cart_id bigint NOT NULL,
    total_price double precision,
    user_id bigint
);


--
-- Name: carts_cart_id_seq; Type: SEQUENCE; Schema: public; Owner: -
--

ALTER TABLE public.carts ALTER COLUMN cart_id ADD GENERATED BY DEFAULT AS IDENTITY (
    SEQUENCE NAME public.carts_cart_id_seq
    START WITH 1
    INCREMENT BY 1
    NO MINVALUE
    NO MAXVALUE
    CACHE 1
);


--
-- Name: categories; Type: TABLE; Schema: public; Owner: -
--

CREATE TABLE public.categories (
    category_id bigint NOT NULL,
    category_name character varying(255) NOT NULL
);


--
-- Name: categories_category_id_seq; Type: SEQUENCE; Schema: public; Owner: -
--

ALTER TABLE public.categories ALTER COLUMN category_id ADD GENERATED BY DEFAULT AS IDENTITY (
    SEQUENCE NAME public.categories_category_id_seq
    START WITH 1
    INCREMENT BY 1
    NO MINVALUE
    NO MAXVALUE
    CACHE 1
);


--
-- Name: contacts; Type: TABLE; Schema: public; Owner: -
--

CREATE TABLE public.contacts (
    id bigint NOT NULL,
    admin_notes character varying(500),
    created_at timestamp(6) without time zone NOT NULL,
    email character varying(100) NOT NULL,
    message character varying(1000) NOT NULL,
    name character varying(50) NOT NULL,
    status character varying(255) NOT NULL,
    updated_at timestamp(6) without time zone,
    CONSTRAINT contacts_status_check CHECK (((status)::text = ANY ((ARRAY['UNREAD'::character varying, 'READ'::character varying, 'REPLIED'::character varying, 'ARCHIVED'::character varying])::text[])))
);


--
-- Name: contacts_id_seq; Type: SEQUENCE; Schema: public; Owner: -
--

ALTER TABLE public.contacts ALTER COLUMN id ADD GENERATED BY DEFAULT AS IDENTITY (
    SEQUENCE NAME public.contacts_id_seq
    START WITH 1
    INCREMENT BY 1
    NO MINVALUE
    NO MAXVALUE
    CACHE 1
);


--
-- Name: order_items; Type: TABLE; Schema: public; Owner: -
--

CREATE TABLE public.order_items (
    order_item_id bigint NOT NULL,
    discount double precision NOT NULL,
    ordered_product_price double precision NOT NULL,
    quantity integer,
    order_id bigint,
    product_id bigint
);


--
-- Name: order_items_order_item_id_seq; Type: SEQUENCE; Schema: public; Owner: -
--

ALTER TABLE public.order_items ALTER COLUMN order_item_id ADD GENERATED BY DEFAULT AS IDENTITY (
    SEQUENCE NAME public.order_items_order_item_id_seq
    START WITH 1
    INCREMENT BY 1
    NO MINVALUE
    NO MAXVALUE
    CACHE 1
);


--
-- Name: orders; Type: TABLE; Schema: public; Owner: -
--

CREATE TABLE public.orders (
    order_id bigint NOT NULL,
    email character varying(255) NOT NULL,
    order_date date,
    order_status character varying(255),
    total_amount double precision,
    address_id bigint,
    payment_id bigint
);


--
-- Name: orders_order_id_seq; Type: SEQUENCE; Schema: public; Owner: -
--

ALTER TABLE public.orders ALTER COLUMN order_id ADD GENERATED BY DEFAULT AS IDENTITY (
    SEQUENCE NAME public.orders_order_id_seq
    START WITH 1
    INCREMENT BY 1
    NO MINVALUE
    NO MAXVALUE
    CACHE 1
);


--
-- Name: payments; Type: TABLE; Schema: public; Owner: -
--

CREATE TABLE public.payments (
    payment_id bigint NOT NULL,
    payment_method character varying(255) NOT NULL,
    pg_name character varying(255),
    pg_payment_id character varying(255),
    pg_response_message character varying(255),
    pg_status character varying(255)
);


--
-- Name: payments_payment_id_seq; Type: SEQUENCE; Schema: public; Owner: -
--

ALTER TABLE public.payments ALTER COLUMN payment_id ADD GENERATED BY DEFAULT AS IDENTITY (
    SEQUENCE NAME public.payments_payment_id_seq
    START WITH 1
    INCREMENT BY 1
    NO MINVALUE
    NO MAXVALUE
    CACHE 1
);


--
-- Name: product_colors; Type: TABLE; Schema: public; Owner: -
--

CREATE TABLE public.product_colors (
    product_id bigint NOT NULL,
    color_value character varying(255)
);


--
-- Name: product_images; Type: TABLE; Schema: public; Owner: -
--

CREATE TABLE public.product_images (
    product_id bigint NOT NULL,
    image_url character varying(255)
);


--
-- Name: product_sections; Type: TABLE; Schema: public; Owner: -
--

CREATE TABLE public.product_sections (
    product_id bigint NOT NULL,
    section character varying(255)
);


--
-- Name: product_sizes; Type: TABLE; Schema: public; Owner: -
--

CREATE TABLE public.product_sizes (
    product_id bigint NOT NULL,
    size_value character varying(255)
);


--
-- Name: products; Type: TABLE; Schema: public; Owner: -
--

CREATE TABLE public.products (
    product_id bigint NOT NULL,
    description character varying(255) NOT NULL,
    discount double precision NOT NULL,
    image character varying(255),
    price double precision NOT NULL,
    product_name character varying(255) NOT NULL,
    quantity integer,
    special_price double precision NOT NULL,
    category_id bigint,
    seller_id bigint,
    gender character varying(255) DEFAULT 'UNISEX'::character varying NOT NULL,
    color character varying(255),
    in_stock boolean,
    size integer,
    brand character varying(255),
    created_at timestamp(6) without time zone,
    updated_at timestamp(6) without time zone
);


--
-- Name: products_product_id_seq; Type: SEQUENCE; Schema: public; Owner: -
--

ALTER TABLE public.products ALTER COLUMN product_id ADD GENERATED BY DEFAULT AS IDENTITY (
    SEQUENCE NAME public.products_product_id_seq
    START WITH 1
    INCREMENT BY 1
    NO MINVALUE
    NO MAXVALUE
    CACHE 1
);


--
-- Name: products_seq; Type: SEQUENCE; Schema: public; Owner: -
--

CREATE SEQUENCE public.products_seq
    START WITH 1
    INCREMENT BY 50
    NO MINVALUE
    NO MAXVALUE
    CACHE 1;


--
-- Name: roles; Type: TABLE; Schema: public; Owner: -
--

CREATE TABLE public.roles (
    role_id integer NOT NULL,
    role_name character varying(20),
    CONSTRAINT roles_role_name_check CHECK (((role_name)::text = ANY ((ARRAY['ROLE_USER'::character varying, 'ROLE_SELLER'::character varying, 'ROLE_ADMIN'::character varying])::text[])))
);


--
-- Name: roles_role_id_seq; Type: SEQUENCE; Schema: public; Owner: -
--

ALTER TABLE public.roles ALTER COLUMN role_id ADD GENERATED BY DEFAULT AS IDENTITY (
    SEQUENCE NAME public.roles_role_id_seq
    START WITH 1
    INCREMENT BY 1
    NO MINVALUE
    NO MAXVALUE
    CACHE 1
);


--
-- Name: shoe_cleaner_categories; Type: TABLE; Schema: public; Owner: -
--

CREATE TABLE public.shoe_cleaner_categories (
    category_id bigint NOT NULL,
    active boolean,
    category_name character varying(255) NOT NULL,
    description character varying(255),
    image_url character varying(255)
);


--
-- Name: shoe_cleaner_categories_category_id_seq; Type: SEQUENCE; Schema: public; Owner: -
--

ALTER TABLE public.shoe_cleaner_categories ALTER COLUMN category_id ADD GENERATED BY DEFAULT AS IDENTITY (
    SEQUENCE NAME public.shoe_cleaner_categories_category_id_seq
    START WITH 1
    INCREMENT BY 1
    NO MINVALUE
    NO MAXVALUE
    CACHE 1
);


--
-- Name: shoe_cleaner_products; Type: TABLE; Schema: public; Owner: -
--

CREATE TABLE public.shoe_cleaner_products (
    product_id bigint NOT NULL,
    brand character varying(255),
    created_at timestamp(6) without time zone,
    description character varying(1000),
    discount double precision,
    image_url character varying(255),
    in_stock boolean,
    price double precision,
    product_name character varying(255) NOT NULL,
    quantity integer,
    seller_name character varying(255),
    special_price double precision,
    updated_at timestamp(6) without time zone,
    category_id bigint
);


--
-- Name: shoe_cleaner_products_product_id_seq; Type: SEQUENCE; Schema: public; Owner: -
--

ALTER TABLE public.shoe_cleaner_products ALTER COLUMN product_id ADD GENERATED BY DEFAULT AS IDENTITY (
    SEQUENCE NAME public.shoe_cleaner_products_product_id_seq
    START WITH 1
    INCREMENT BY 1
    NO MINVALUE
    NO MAXVALUE
    CACHE 1
);


--
-- Name: user_addresses; Type: TABLE; Schema: public; Owner: -
--

CREATE TABLE public.user_addresses (
    user_id bigint NOT NULL,
    address_id bigint NOT NULL
);


--
-- Name: user_role; Type: TABLE; Schema: public; Owner: -
--

CREATE TABLE public.user_role (
    user_id bigint NOT NULL,
    role_id integer NOT NULL
);


--
-- Name: users; Type: TABLE; Schema: public; Owner: -
--

CREATE TABLE public.users (
    user_id bigint NOT NULL,
    email character varying(40) NOT NULL,
    password character varying(120) NOT NULL,
    username character varying(20) NOT NULL
);


--
-- Name: users_user_id_seq; Type: SEQUENCE; Schema: public; Owner: -
--

ALTER TABLE public.users ALTER COLUMN user_id ADD GENERATED BY DEFAULT AS IDENTITY (
    SEQUENCE NAME public.users_user_id_seq
    START WITH 1
    INCREMENT BY 1
    NO MINVALUE
    NO MAXVALUE
    CACHE 1
);


--
-- Data for Name: addresses; Type: TABLE DATA; Schema: public; Owner: -
--

COPY public.addresses (address_id, country, nagar_or_gaupalika, state, street, ward_no, user_id, pincode, city) FROM stdin;
9	nepal	dharan	koshi	bargachhi	5	3		dharan
\.


--
-- Data for Name: cart_items; Type: TABLE DATA; Schema: public; Owner: -
--

COPY public.cart_items (cart_item_id, discount, product_price, quantity, cart_id, product_id) FROM stdin;
35	0	3000	1	2	49
41	0	3000	1	1	49
\.


--
-- Data for Name: carts; Type: TABLE DATA; Schema: public; Owner: -
--

COPY public.carts (cart_id, total_price, user_id) FROM stdin;
2	3000	3
1	3000	1
\.


--
-- Data for Name: categories; Type: TABLE DATA; Schema: public; Owner: -
--

COPY public.categories (category_id, category_name) FROM stdin;
28	sneakers
29	Running shoes
\.


--
-- Data for Name: contacts; Type: TABLE DATA; Schema: public; Owner: -
--

COPY public.contacts (id, admin_notes, created_at, email, message, name, status, updated_at) FROM stdin;
\.


--
-- Data for Name: order_items; Type: TABLE DATA; Schema: public; Owner: -
--

COPY public.order_items (order_item_id, discount, ordered_product_price, quantity, order_id, product_id) FROM stdin;
\.


--
-- Data for Name: orders; Type: TABLE DATA; Schema: public; Owner: -
--

COPY public.orders (order_id, email, order_date, order_status, total_amount, address_id, payment_id) FROM stdin;
\.


--
-- Data for Name: payments; Type: TABLE DATA; Schema: public; Owner: -
--

COPY public.payments (payment_id, payment_method, pg_name, pg_payment_id, pg_response_message, pg_status) FROM stdin;
\.


--
-- Data for Name: product_colors; Type: TABLE DATA; Schema: public; Owner: -
--

COPY public.product_colors (product_id, color_value) FROM stdin;
43	Beige
44	Olive
45	Cream
46	Black and white
47	Khaki
48	Cream
49	Beige
50	White
51	Black and white
52	Khaki
\.


--
-- Data for Name: product_images; Type: TABLE DATA; Schema: public; Owner: -
--

COPY public.product_images (product_id, image_url) FROM stdin;
40	https://res.cloudinary.com/du3fzjgrl/image/upload/v1777804857/aceoepsiofg29ghmprhj.jpg
41	https://res.cloudinary.com/du3fzjgrl/image/upload/v1777804949/hit17ytzh21pndo5i3bc.jpg
42	https://res.cloudinary.com/du3fzjgrl/image/upload/v1777804966/jfpaquwv9e1et3hs3gag.jpg
43	https://res.cloudinary.com/du3fzjgrl/image/upload/v1777805096/mee2upxpojzd7n3xrz2d.jpg
44	https://res.cloudinary.com/du3fzjgrl/image/upload/v1777805162/sycpj6zubksddtqnq3sr.jpg
45	https://res.cloudinary.com/du3fzjgrl/image/upload/v1777805236/a7tvisdc6nd3p9fzclzv.jpg
46	https://res.cloudinary.com/du3fzjgrl/image/upload/v1777806253/zpqfna2rqsdpzavhjna7.jpg
47	https://res.cloudinary.com/du3fzjgrl/image/upload/v1777806268/bfn03ajgodiprkg5zz63.jpg
48	https://res.cloudinary.com/du3fzjgrl/image/upload/v1777806283/kicvyiesclujtdl4xt3q.jpg
49	https://res.cloudinary.com/du3fzjgrl/image/upload/v1777806796/fxgk3up9csj1ub3vwfxc.jpg
50	https://res.cloudinary.com/du3fzjgrl/image/upload/v1777806997/uf60qgq7tlr76nzfr7cc.jpg
51	https://res.cloudinary.com/du3fzjgrl/image/upload/v1777807124/uag7dw24l3xihkgda4lj.jpg
52	https://res.cloudinary.com/du3fzjgrl/image/upload/v1778841547/oscva9y0busvrzchb5ob.jpg
52	https://res.cloudinary.com/du3fzjgrl/image/upload/v1778841602/viaeyze1uhrk8yigthao.jpg
\.


--
-- Data for Name: product_sections; Type: TABLE DATA; Schema: public; Owner: -
--

COPY public.product_sections (product_id, section) FROM stdin;
41	newLaunches
40	newLaunches
42	newLaunches
43	offer
44	offer
45	offer
46	featured
47	featured
48	featured
49	newLaunches
50	offer
51	featured
52	bestSeller
\.


--
-- Data for Name: product_sizes; Type: TABLE DATA; Schema: public; Owner: -
--

COPY public.product_sizes (product_id, size_value) FROM stdin;
46	38
46	40
46	41
46	42
46	43
47	39
47	38
47	37
47	42
41	37
41	40
47	43
48	37
48	39
48	40
48	41
48	42
48	43
41	41
41	42
41	43
40	37
40	38
40	39
40	40
40	41
40	42
42	38
42	40
42	43
42	42
49	38
49	39
49	40
49	42
49	43
49	37
50	38
50	40
50	41
50	42
50	43
50	37
51	37
51	39
51	41
51	42
51	43
52	38
52	40
52	42
43	37
43	38
43	40
43	41
52	43
52	41
43	42
44	37
44	39
44	40
44	41
44	42
44	44
45	38
45	39
45	42
45	43
45	37
\.


--
-- Data for Name: products; Type: TABLE DATA; Schema: public; Owner: -
--

COPY public.products (product_id, description, discount, image, price, product_name, quantity, special_price, category_id, seller_id, gender, color, in_stock, size, brand, created_at, updated_at) FROM stdin;
43	A timeless sneaker combining comfort and durability with a classic silhouette. Suitable for everyday casual wear.	40	https://res.cloudinary.com/du3fzjgrl/image/upload/v1777805096/mee2upxpojzd7n3xrz2d.jpg	5000	New Balance 574 Classic Grey	4	3000	28	\N	MEN	\N	t	\N	New Balance	2026-05-03 16:27:06.29074	2026-05-03 16:30:42.502483
44	An iconic high-top sneaker with a canvas upper and rubber sole. Perfect for casual outfits and timeless fashion.	12	https://res.cloudinary.com/du3fzjgrl/image/upload/v1777805162/sycpj6zubksddtqnq3sr.jpg	8000	Converse Chuck Taylor All Star High Top	3	7040	28	\N	MEN	\N	t	\N	Converse	2026-05-03 16:28:09.67054	2026-05-03 16:31:13.953764
45	Classic skate sneakers with durable construction and signature side stripe. Ideal for everyday casual and skate style.	24	https://res.cloudinary.com/du3fzjgrl/image/upload/v1777805236/a7tvisdc6nd3p9fzclzv.jpg	6500	Vans Old Skool Black White	2	4940	28	\N	MEN	\N	t	\N	vans	2026-05-03 16:29:21.419153	2026-05-03 16:31:32.756916
40	A modern sneaker featuring Nike’s signature Air cushioning for superior comfort. Perfect for daily wear with a breathable upper and sleek design.	15	https://res.cloudinary.com/du3fzjgrl/image/upload/v1777804857/aceoepsiofg29ghmprhj.jpg	5000	Nike Air Max 270 White Black	4	4250	28	\N	UNISEX	\N	t	\N	Nike	2026-05-03 16:19:52.518784	2026-05-03 16:23:22.580197
41	Premium running sneakers with Boost cushioning that provides high energy return. Designed for comfort, performance, and style.	30	https://res.cloudinary.com/du3fzjgrl/image/upload/v1777804949/hit17ytzh21pndo5i3bc.jpg	6000	Adidas Ultraboost 22 Core Black	6	4200	28	\N	UNISEX	\N	t	\N	Adidas	2026-05-03 16:21:20.607749	2026-05-03 16:24:54.52168
42	A bold chunky sneaker with retro-inspired design and cushioned sole. Great for streetwear and casual outings.	0	https://res.cloudinary.com/du3fzjgrl/image/upload/v1777804966/jfpaquwv9e1et3hs3gag.jpg	7000	Puma RS-X Reinvention	4	7000	28	\N	UNISEX	\N	t	\N	Puma	2026-05-03 16:22:25.799425	2026-05-03 16:25:12.140125
46	A clean and minimalist sneaker with soft leather upper and cushioned sole. Ideal for everyday wear with a timeless look.	40	https://res.cloudinary.com/du3fzjgrl/image/upload/v1777806253/zpqfna2rqsdpzavhjna7.jpg	17000	Reebok Classic Leather White	4	10200	28	\N	WOMEN	\N	t	\N	Reebok	2026-05-03 16:36:16.653986	2026-05-03 16:46:39.057502
47	A modern sneaker with durable build and sporty aesthetics. Provides good support and comfort for casual and athletic use.	40	https://res.cloudinary.com/du3fzjgrl/image/upload/v1777806268/bfn03ajgodiprkg5zz63.jpg	12000	Under Armour Forge 96	3	7200	28	\N	WOMEN	\N	t	\N	Under Armour	2026-05-03 16:37:26.39453	2026-05-03 16:46:54.146678
48	Chunky sneaker with bold design and thick sole. Perfect for streetwear fashion and making a statement.	30	https://res.cloudinary.com/du3fzjgrl/image/upload/v1777806283/kicvyiesclujtdl4xt3q.jpg	4500	Fila Disruptor II Premiu	2	3150	28	\N	WOMEN	\N	t	\N	Fila	2026-05-03 16:38:17.880516	2026-05-03 16:47:09.181444
52	Easy-to-use foam cleaner designed to remove stains, dirt, and scuff marks from sneakers and casual shoes while maintaining material quality.	30	https://res.cloudinary.com/du3fzjgrl/image/upload/v1778841602/viaeyze1uhrk8yigthao.jpg	7600	Kiwi Sneaker & Shoe Cleaner	2	5320	29	\N	MEN	\N	t	\N	Kiwi	2026-05-15 16:19:32.263658	2026-05-15 16:22:32.261053
49	Lightweight running shoes designed for comfort and flexibility. Ideal for beginners and daily jogging.	0	https://res.cloudinary.com/du3fzjgrl/image/upload/v1777806796/fxgk3up9csj1ub3vwfxc.jpg	3000	Nike Revolution 6	2	3000	29	\N	MEN	\N	t	\N	Nike	2026-05-03 16:54:25.155842	2026-05-03 16:55:42.273
50	Comfortable running shoes with breathable mesh upper and durable outsole. Suitable for training and long runs.	10	https://res.cloudinary.com/du3fzjgrl/image/upload/v1777806997/uf60qgq7tlr76nzfr7cc.jpg	6000	Adidas Duramo 10	2	5400	29	\N	WOMEN	\N	t	\N	Adidas	2026-05-03 16:56:56.742588	2026-05-03 16:59:03.149102
51	Reliable running shoes with GEL cushioning technology for shock absorption. Perfect for daily runs and workouts.	30	https://res.cloudinary.com/du3fzjgrl/image/upload/v1777807124/uag7dw24l3xihkgda4lj.jpg	8000	ASICS Gel-Contend 7	8	5600	29	\N	UNISEX	\N	t	\N	ASICS	2026-05-03 17:00:45.004023	2026-05-03 17:01:10.490926
\.


--
-- Data for Name: roles; Type: TABLE DATA; Schema: public; Owner: -
--

COPY public.roles (role_id, role_name) FROM stdin;
1	ROLE_USER
2	ROLE_SELLER
3	ROLE_ADMIN
\.


--
-- Data for Name: shoe_cleaner_categories; Type: TABLE DATA; Schema: public; Owner: -
--

COPY public.shoe_cleaner_categories (category_id, active, category_name, description, image_url) FROM stdin;
7	t	Shoe cleaner		\N
\.


--
-- Data for Name: shoe_cleaner_products; Type: TABLE DATA; Schema: public; Owner: -
--

COPY public.shoe_cleaner_products (product_id, brand, created_at, description, discount, image_url, in_stock, price, product_name, quantity, seller_name, special_price, updated_at, category_id) FROM stdin;
4	Crep Protect	2026-05-03 17:39:41.087117	Premium shoe cleaning kit with solution, brush, and microfiber cloth. Effectively removes dirt while being gentle on delicate materials.	0	https://res.cloudinary.com/du3fzjgrl/image/upload/v1777905858/e2bocoaq5xyjfcimuw3x.jpg	t	1200	Crep Protect Cure Shoe Cleaning Kit	1	admin	1200	2026-05-04 20:26:43.575334	7
5	FitShape	2026-05-04 20:18:52.243036	Maintains shoe shape and prevents creasing	5	https://res.cloudinary.com/du3fzjgrl/image/upload/v1777908437/rmtt5qrqjbycmxk7dq3w.jpg	t	29.99	Adjustable Shoe Tree (Pair)	20	admin	28.490499999999997	2026-05-04 21:09:42.258949	7
\.


--
-- Data for Name: user_addresses; Type: TABLE DATA; Schema: public; Owner: -
--

COPY public.user_addresses (user_id, address_id) FROM stdin;
\.


--
-- Data for Name: user_role; Type: TABLE DATA; Schema: public; Owner: -
--

COPY public.user_role (user_id, role_id) FROM stdin;
1	1
2	2
3	2
3	3
3	1
4	1
5	1
6	2
7	1
8	1
\.


--
-- Data for Name: users; Type: TABLE DATA; Schema: public; Owner: -
--

COPY public.users (user_id, email, password, username) FROM stdin;
1	user1@example.com	$2a$10$0RUcMSYNu7yfJz/kaGcL.O.t2CS24zx9sCxGXt3bexwm46a/GAdqC	user1
2	seller1@example.com	$2a$10$7uDIFgsEdPingPmCQZtyke2QfU0volvAMN9pSyii6ZrpekyIvZLBy	seller1
3	admin@example.com	$2a$10$uuevFoBEN8xMyGkoVodjf.5gWJw0mqUmxHVO.MWo5GeVazPOhbdeW	admin
4	usertest@gmail.com	$2a$10$6muN8BLQCGGDdKjVRwgrFOacaM5j2usTh/3hRqfFTRvDjDsrEb3xi	bhawani
5	user3@gmail.com	$2a$10$STleDNS5o1a8U.7OQu/PAuBnmQLLh8PZGAGqMzHwkuP/2etYHhiVi	user3
6	ramit@gmail.com	$2a$10$rHUBre3b0QWAo4nhEeTl9.apiTUuUYhH/o/vxJ9uORBvpp1vKZJl6	Ramit
7	test@example.com	$2a$10$4N.EKvNa8BV3LJaR4IDPX.j20wZD2hvs1pX9acIYRbao3x90w3waq	testuser
8	admin_test@gmail.com	$2a$10$GUGJc5FNMA1Q6FYUHmHlfe31YI5.NrAU8u7nZd49K4KSki0FeSIQy	admin_test
\.


--
-- Name: addresses_address_id_seq; Type: SEQUENCE SET; Schema: public; Owner: -
--

SELECT pg_catalog.setval('public.addresses_address_id_seq', 9, true);


--
-- Name: cart_items_cart_item_id_seq; Type: SEQUENCE SET; Schema: public; Owner: -
--

SELECT pg_catalog.setval('public.cart_items_cart_item_id_seq', 41, true);


--
-- Name: carts_cart_id_seq; Type: SEQUENCE SET; Schema: public; Owner: -
--

SELECT pg_catalog.setval('public.carts_cart_id_seq', 2, true);


--
-- Name: categories_category_id_seq; Type: SEQUENCE SET; Schema: public; Owner: -
--

SELECT pg_catalog.setval('public.categories_category_id_seq', 29, true);


--
-- Name: contacts_id_seq; Type: SEQUENCE SET; Schema: public; Owner: -
--

SELECT pg_catalog.setval('public.contacts_id_seq', 1, false);


--
-- Name: order_items_order_item_id_seq; Type: SEQUENCE SET; Schema: public; Owner: -
--

SELECT pg_catalog.setval('public.order_items_order_item_id_seq', 11, true);


--
-- Name: orders_order_id_seq; Type: SEQUENCE SET; Schema: public; Owner: -
--

SELECT pg_catalog.setval('public.orders_order_id_seq', 15, true);


--
-- Name: payments_payment_id_seq; Type: SEQUENCE SET; Schema: public; Owner: -
--

SELECT pg_catalog.setval('public.payments_payment_id_seq', 15, true);


--
-- Name: products_product_id_seq; Type: SEQUENCE SET; Schema: public; Owner: -
--

SELECT pg_catalog.setval('public.products_product_id_seq', 52, true);


--
-- Name: products_seq; Type: SEQUENCE SET; Schema: public; Owner: -
--

SELECT pg_catalog.setval('public.products_seq', 201, true);


--
-- Name: roles_role_id_seq; Type: SEQUENCE SET; Schema: public; Owner: -
--

SELECT pg_catalog.setval('public.roles_role_id_seq', 3, true);


--
-- Name: shoe_cleaner_categories_category_id_seq; Type: SEQUENCE SET; Schema: public; Owner: -
--

SELECT pg_catalog.setval('public.shoe_cleaner_categories_category_id_seq', 7, true);


--
-- Name: shoe_cleaner_products_product_id_seq; Type: SEQUENCE SET; Schema: public; Owner: -
--

SELECT pg_catalog.setval('public.shoe_cleaner_products_product_id_seq', 5, true);


--
-- Name: users_user_id_seq; Type: SEQUENCE SET; Schema: public; Owner: -
--

SELECT pg_catalog.setval('public.users_user_id_seq', 8, true);


--
-- Name: addresses addresses_pkey; Type: CONSTRAINT; Schema: public; Owner: -
--

ALTER TABLE ONLY public.addresses
    ADD CONSTRAINT addresses_pkey PRIMARY KEY (address_id);


--
-- Name: cart_items cart_items_pkey; Type: CONSTRAINT; Schema: public; Owner: -
--

ALTER TABLE ONLY public.cart_items
    ADD CONSTRAINT cart_items_pkey PRIMARY KEY (cart_item_id);


--
-- Name: carts carts_pkey; Type: CONSTRAINT; Schema: public; Owner: -
--

ALTER TABLE ONLY public.carts
    ADD CONSTRAINT carts_pkey PRIMARY KEY (cart_id);


--
-- Name: categories categories_pkey; Type: CONSTRAINT; Schema: public; Owner: -
--

ALTER TABLE ONLY public.categories
    ADD CONSTRAINT categories_pkey PRIMARY KEY (category_id);


--
-- Name: contacts contacts_pkey; Type: CONSTRAINT; Schema: public; Owner: -
--

ALTER TABLE ONLY public.contacts
    ADD CONSTRAINT contacts_pkey PRIMARY KEY (id);


--
-- Name: order_items order_items_pkey; Type: CONSTRAINT; Schema: public; Owner: -
--

ALTER TABLE ONLY public.order_items
    ADD CONSTRAINT order_items_pkey PRIMARY KEY (order_item_id);


--
-- Name: orders orders_pkey; Type: CONSTRAINT; Schema: public; Owner: -
--

ALTER TABLE ONLY public.orders
    ADD CONSTRAINT orders_pkey PRIMARY KEY (order_id);


--
-- Name: payments payments_pkey; Type: CONSTRAINT; Schema: public; Owner: -
--

ALTER TABLE ONLY public.payments
    ADD CONSTRAINT payments_pkey PRIMARY KEY (payment_id);


--
-- Name: products products_pkey; Type: CONSTRAINT; Schema: public; Owner: -
--

ALTER TABLE ONLY public.products
    ADD CONSTRAINT products_pkey PRIMARY KEY (product_id);


--
-- Name: roles roles_pkey; Type: CONSTRAINT; Schema: public; Owner: -
--

ALTER TABLE ONLY public.roles
    ADD CONSTRAINT roles_pkey PRIMARY KEY (role_id);


--
-- Name: shoe_cleaner_categories shoe_cleaner_categories_pkey; Type: CONSTRAINT; Schema: public; Owner: -
--

ALTER TABLE ONLY public.shoe_cleaner_categories
    ADD CONSTRAINT shoe_cleaner_categories_pkey PRIMARY KEY (category_id);


--
-- Name: shoe_cleaner_products shoe_cleaner_products_pkey; Type: CONSTRAINT; Schema: public; Owner: -
--

ALTER TABLE ONLY public.shoe_cleaner_products
    ADD CONSTRAINT shoe_cleaner_products_pkey PRIMARY KEY (product_id);


--
-- Name: carts uk64t7ox312pqal3p7fg9o503c2; Type: CONSTRAINT; Schema: public; Owner: -
--

ALTER TABLE ONLY public.carts
    ADD CONSTRAINT uk64t7ox312pqal3p7fg9o503c2 UNIQUE (user_id);


--
-- Name: users uk6dotkott2kjsp8vw4d0m25fb7; Type: CONSTRAINT; Schema: public; Owner: -
--

ALTER TABLE ONLY public.users
    ADD CONSTRAINT uk6dotkott2kjsp8vw4d0m25fb7 UNIQUE (email);


--
-- Name: shoe_cleaner_categories uk6p6n4fqrms8fkexdpl5eksga2; Type: CONSTRAINT; Schema: public; Owner: -
--

ALTER TABLE ONLY public.shoe_cleaner_categories
    ADD CONSTRAINT uk6p6n4fqrms8fkexdpl5eksga2 UNIQUE (category_name);


--
-- Name: orders ukhaujdjk1ohmeixjhnhslchrp1; Type: CONSTRAINT; Schema: public; Owner: -
--

ALTER TABLE ONLY public.orders
    ADD CONSTRAINT ukhaujdjk1ohmeixjhnhslchrp1 UNIQUE (payment_id);


--
-- Name: users ukr43af9ap4edm43mmtq01oddj6; Type: CONSTRAINT; Schema: public; Owner: -
--

ALTER TABLE ONLY public.users
    ADD CONSTRAINT ukr43af9ap4edm43mmtq01oddj6 UNIQUE (username);


--
-- Name: user_role user_role_pkey; Type: CONSTRAINT; Schema: public; Owner: -
--

ALTER TABLE ONLY public.user_role
    ADD CONSTRAINT user_role_pkey PRIMARY KEY (user_id, role_id);


--
-- Name: users users_pkey; Type: CONSTRAINT; Schema: public; Owner: -
--

ALTER TABLE ONLY public.users
    ADD CONSTRAINT users_pkey PRIMARY KEY (user_id);


--
-- Name: addresses fk1fa36y2oqhao3wgg2rw1pi459; Type: FK CONSTRAINT; Schema: public; Owner: -
--

ALTER TABLE ONLY public.addresses
    ADD CONSTRAINT fk1fa36y2oqhao3wgg2rw1pi459 FOREIGN KEY (user_id) REFERENCES public.users(user_id);


--
-- Name: cart_items fk1re40cjegsfvw58xrkdp6bac6; Type: FK CONSTRAINT; Schema: public; Owner: -
--

ALTER TABLE ONLY public.cart_items
    ADD CONSTRAINT fk1re40cjegsfvw58xrkdp6bac6 FOREIGN KEY (product_id) REFERENCES public.products(product_id);


--
-- Name: product_sizes fk4isa0j51hpdn7cx04m831jic4; Type: FK CONSTRAINT; Schema: public; Owner: -
--

ALTER TABLE ONLY public.product_sizes
    ADD CONSTRAINT fk4isa0j51hpdn7cx04m831jic4 FOREIGN KEY (product_id) REFERENCES public.products(product_id);


--
-- Name: orders fk8aol9f99s97mtyhij0tvfj41f; Type: FK CONSTRAINT; Schema: public; Owner: -
--

ALTER TABLE ONLY public.orders
    ADD CONSTRAINT fk8aol9f99s97mtyhij0tvfj41f FOREIGN KEY (payment_id) REFERENCES public.payments(payment_id);


--
-- Name: product_sections fk_product_sections_product; Type: FK CONSTRAINT; Schema: public; Owner: -
--

ALTER TABLE ONLY public.product_sections
    ADD CONSTRAINT fk_product_sections_product FOREIGN KEY (product_id) REFERENCES public.products(product_id);


--
-- Name: carts fkb5o626f86h46m4s7ms6ginnop; Type: FK CONSTRAINT; Schema: public; Owner: -
--

ALTER TABLE ONLY public.carts
    ADD CONSTRAINT fkb5o626f86h46m4s7ms6ginnop FOREIGN KEY (user_id) REFERENCES public.users(user_id);


--
-- Name: products fkbgw3lyxhsml3kfqnfr45o0vbj; Type: FK CONSTRAINT; Schema: public; Owner: -
--

ALTER TABLE ONLY public.products
    ADD CONSTRAINT fkbgw3lyxhsml3kfqnfr45o0vbj FOREIGN KEY (seller_id) REFERENCES public.users(user_id);


--
-- Name: order_items fkbioxgbv59vetrxe0ejfubep1w; Type: FK CONSTRAINT; Schema: public; Owner: -
--

ALTER TABLE ONLY public.order_items
    ADD CONSTRAINT fkbioxgbv59vetrxe0ejfubep1w FOREIGN KEY (order_id) REFERENCES public.orders(order_id);


--
-- Name: shoe_cleaner_products fkgjemij3bnneilnwl5evdvvdcf; Type: FK CONSTRAINT; Schema: public; Owner: -
--

ALTER TABLE ONLY public.shoe_cleaner_products
    ADD CONSTRAINT fkgjemij3bnneilnwl5evdvvdcf FOREIGN KEY (category_id) REFERENCES public.shoe_cleaner_categories(category_id);


--
-- Name: orders fkhlglkvf5i60dv6dn397ethgpt; Type: FK CONSTRAINT; Schema: public; Owner: -
--

ALTER TABLE ONLY public.orders
    ADD CONSTRAINT fkhlglkvf5i60dv6dn397ethgpt FOREIGN KEY (address_id) REFERENCES public.addresses(address_id);


--
-- Name: user_addresses fkhqfg2eivfexu69i6cbw3w0tej; Type: FK CONSTRAINT; Schema: public; Owner: -
--

ALTER TABLE ONLY public.user_addresses
    ADD CONSTRAINT fkhqfg2eivfexu69i6cbw3w0tej FOREIGN KEY (address_id) REFERENCES public.addresses(address_id);


--
-- Name: user_role fkj345gk1bovqvfame88rcx7yyx; Type: FK CONSTRAINT; Schema: public; Owner: -
--

ALTER TABLE ONLY public.user_role
    ADD CONSTRAINT fkj345gk1bovqvfame88rcx7yyx FOREIGN KEY (user_id) REFERENCES public.users(user_id);


--
-- Name: user_addresses fkn2fisxyyu3l9wlch3ve2nocgp; Type: FK CONSTRAINT; Schema: public; Owner: -
--

ALTER TABLE ONLY public.user_addresses
    ADD CONSTRAINT fkn2fisxyyu3l9wlch3ve2nocgp FOREIGN KEY (user_id) REFERENCES public.users(user_id);


--
-- Name: order_items fkocimc7dtr037rh4ls4l95nlfi; Type: FK CONSTRAINT; Schema: public; Owner: -
--

ALTER TABLE ONLY public.order_items
    ADD CONSTRAINT fkocimc7dtr037rh4ls4l95nlfi FOREIGN KEY (product_id) REFERENCES public.products(product_id);


--
-- Name: products fkog2rp4qthbtt2lfyhfo32lsw9; Type: FK CONSTRAINT; Schema: public; Owner: -
--

ALTER TABLE ONLY public.products
    ADD CONSTRAINT fkog2rp4qthbtt2lfyhfo32lsw9 FOREIGN KEY (category_id) REFERENCES public.categories(category_id);


--
-- Name: cart_items fkpcttvuq4mxppo8sxggjtn5i2c; Type: FK CONSTRAINT; Schema: public; Owner: -
--

ALTER TABLE ONLY public.cart_items
    ADD CONSTRAINT fkpcttvuq4mxppo8sxggjtn5i2c FOREIGN KEY (cart_id) REFERENCES public.carts(cart_id);


--
-- Name: product_colors fkqhu7cqni31911lmvx4fqmiw65; Type: FK CONSTRAINT; Schema: public; Owner: -
--

ALTER TABLE ONLY public.product_colors
    ADD CONSTRAINT fkqhu7cqni31911lmvx4fqmiw65 FOREIGN KEY (product_id) REFERENCES public.products(product_id);


--
-- Name: product_images fkqnq71xsohugpqwf3c9gxmsuy; Type: FK CONSTRAINT; Schema: public; Owner: -
--

ALTER TABLE ONLY public.product_images
    ADD CONSTRAINT fkqnq71xsohugpqwf3c9gxmsuy FOREIGN KEY (product_id) REFERENCES public.products(product_id);


--
-- Name: user_role fkt7e7djp752sqn6w22i6ocqy6q; Type: FK CONSTRAINT; Schema: public; Owner: -
--

ALTER TABLE ONLY public.user_role
    ADD CONSTRAINT fkt7e7djp752sqn6w22i6ocqy6q FOREIGN KEY (role_id) REFERENCES public.roles(role_id);


--
-- PostgreSQL database dump complete
--

\unrestrict AGUKTSEhuDHzmRclbzBFolzUzj4wLmI6LMFCQCkalSvtjAxeMsFLXSOqKHITS1Q

